"","LON","LAT","YEAR","MM","DD","DOY","YYYYMMDD","T2M_MAX","T2M_MIN","STATION","sampl_date","Altitude","T2M_MEAN","degree_days","DD_cum","T30_mean","T30_max","T30_min","T30_sd","T360_sd","T360_mean"
"1",3.65039504410087,49.7054460263859,2024,5,2,123,2024-05-02,16.84,9.11,137,2024-05-03,97,12.975,2.975,74.87,10.5425,15.2533333333333,5.83166666666667,3.00524206806048,6.54089843521766,12.1668333333333
"2",0.555290562591357,49.5559367282316,2024,4,2,93,2024-04-02,13.53,8.34,152,2024-04-03,144,10.935,0.934999999999999,26.145,9.5155,13.1383333333333,5.89266666666667,3.75784100805539,5.68816612004187,12.7629166666667
"3",1.6591608703299,49.5671766642783,2024,4,3,94,2024-04-03,15.71,9.25,157,2024-04-04,164,12.48,2.48,25.995,9.53383333333333,13.6343333333333,5.43333333333333,4.41725018546593,6.13902847200779,12.2523194444444
"4",5.84561377272516,49.3740703250416,2024,6,3,155,2024-06-03,17.96,8.78,215,2024-06-04,365,13.37,3.37,149.205,13.4785,17.5056666666667,9.45133333333333,3.6489014970031,6.87807365579089,10.9891666666667
"5",-0.971023266931689,49.2362523222868,2024,3,31,91,2024-03-31,15.25,5.37,223,2024-04-02,39,10.31,0.31,38.075,9.5745,13.4296666666667,5.71933333333333,3.72394678572631,5.63057974804502,13.3135416666667
"6",-0.971023266931689,49.2362523222868,2024,4,1,92,2024-04-01,13.44,5.23,223,2024-04-02,39,9.335,0,38.075,9.5745,13.4296666666667,5.71933333333333,3.72394678572631,5.63057974804502,13.3135416666667
"7",3.85678097784408,49.1281765661728,2024,6,5,157,2024-06-05,19.32,10.8,288,2024-06-06,193,15.06,5.06,206.725,14.4498333333333,18.7056666666667,10.194,3.3699906001084,6.70894527562649,12.179875
"8",4.51525817503008,49.1161109411299,2024,4,14,105,2024-04-14,18.57,8.6,291,2024-04-17,143,13.585,3.585,53.075,10.4421666666667,14.6143333333333,6.27,3.5057727714042,6.88022321400855,12.4164583333333
"9",4.51525817503008,49.1161109411299,2024,4,15,106,2024-04-15,13.32,5.13,291,2024-04-17,143,9.225,0,53.075,10.4421666666667,14.6143333333333,6.27,3.5057727714042,6.88022321400855,12.4164583333333
"10",4.51525817503008,49.1161109411299,2024,4,16,107,2024-04-16,11.19,3.92,291,2024-04-17,143,7.555,0,53.075,10.4421666666667,14.6143333333333,6.27,3.5057727714042,6.88022321400855,12.4164583333333
"11",2.33579524769974,48.844838275277,2024,4,14,105,2024-04-14,19.38,8.49,391,2024-04-22,47,13.935,3.935,78.075,10.648,15.2116666666667,6.08433333333333,2.94892174162053,6.52034297106717,12.9660694444444
"12",2.33579524769974,48.844838275277,2024,4,15,106,2024-04-15,14.45,5.21,391,2024-04-22,47,9.83,0,78.075,10.648,15.2116666666667,6.08433333333333,2.94892174162053,6.52034297106717,12.9660694444444
"13",2.33579524769974,48.844838275277,2024,4,16,107,2024-04-16,13.15,4.24,391,2024-04-22,47,8.695,0,78.075,10.648,15.2116666666667,6.08433333333333,2.94892174162053,6.52034297106717,12.9660694444444
"14",2.33579524769974,48.844838275277,2024,4,17,108,2024-04-17,10.85,4,391,2024-04-22,47,7.425,0,78.075,10.648,15.2116666666667,6.08433333333333,2.94892174162053,6.52034297106717,12.9660694444444
"15",2.33579524769974,48.844838275277,2024,4,18,109,2024-04-18,13.25,3.53,391,2024-04-22,47,8.39,0,78.075,10.648,15.2116666666667,6.08433333333333,2.94892174162053,6.52034297106717,12.9660694444444
"16",2.33579524769974,48.844838275277,2024,4,19,110,2024-04-19,13.47,3.74,391,2024-04-22,47,8.605,0,78.075,10.648,15.2116666666667,6.08433333333333,2.94892174162053,6.52034297106717,12.9660694444444
"17",2.33579524769974,48.844838275277,2024,4,20,111,2024-04-20,12,1.63,391,2024-04-22,47,6.815,0,78.075,10.648,15.2116666666667,6.08433333333333,2.94892174162053,6.52034297106717,12.9660694444444
"18",2.33579524769974,48.844838275277,2024,4,21,112,2024-04-21,11.26,1.96,391,2024-04-22,47,6.61,0,78.075,10.648,15.2116666666667,6.08433333333333,2.94892174162053,6.52034297106717,12.9660694444444
"19",4.28350622064533,48.8342724406152,2024,5,30,151,2024-05-30,16.97,10.37,400,2024-05-31,143,13.67,3.67,181.43,13.9276666666667,18.0903333333333,9.765,3.62671467733698,6.91825271111857,12.2376944444444
"20",6.02441183229234,48.7932010535351,2024,3,22,82,2024-03-22,17.49,5.29,408,2024-03-27,274,11.39,1.39,7.625,7.64783333333333,11.6826666666667,3.613,4.15711074587065,7.23428184553277,11.8629027777778
"21",6.02441183229234,48.7932010535351,2024,3,23,83,2024-03-23,8.17,2.98,408,2024-03-27,274,5.575,0,7.625,7.64783333333333,11.6826666666667,3.613,4.15711074587065,7.23428184553277,11.8629027777778
"22",6.02441183229234,48.7932010535351,2024,3,24,84,2024-03-24,8.07,1.38,408,2024-03-27,274,4.725,0,7.625,7.64783333333333,11.6826666666667,3.613,4.15711074587065,7.23428184553277,11.8629027777778
"23",6.02441183229234,48.7932010535351,2024,3,25,85,2024-03-25,11.1,0.17,408,2024-03-27,274,5.635,0,7.625,7.64783333333333,11.6826666666667,3.613,4.15711074587065,7.23428184553277,11.8629027777778
"24",6.02441183229234,48.7932010535351,2024,3,26,86,2024-03-26,14.28,3.31,408,2024-03-27,274,8.795,0,7.625,7.64783333333333,11.6826666666667,3.613,4.15711074587065,7.23428184553277,11.8629027777778
"25",-3.97184170007459,48.5339381716991,2024,3,21,81,2024-03-21,15.51,6.59,423,2024-04-03,122,11.05,1.05,35.47,9.21483333333333,12.15,6.27966666666667,3.31026025921985,4.87621421107648,12.8624027777778
"26",-3.97184170007459,48.5339381716991,2024,3,22,82,2024-03-22,11.91,5.5,423,2024-04-03,122,8.705,0,35.47,9.21483333333333,12.15,6.27966666666667,3.31026025921985,4.87621421107648,12.8624027777778
"27",-3.97184170007459,48.5339381716991,2024,3,23,83,2024-03-23,10.04,4.87,423,2024-04-03,122,7.455,0,35.47,9.21483333333333,12.15,6.27966666666667,3.31026025921985,4.87621421107648,12.8624027777778
"28",-3.97184170007459,48.5339381716991,2024,3,24,84,2024-03-24,11.29,5.66,423,2024-04-03,122,8.475,0,35.47,9.21483333333333,12.15,6.27966666666667,3.31026025921985,4.87621421107648,12.8624027777778
"29",-3.97184170007459,48.5339381716991,2024,3,25,85,2024-03-25,9.86,6.62,423,2024-04-03,122,8.24,0,35.47,9.21483333333333,12.15,6.27966666666667,3.31026025921985,4.87621421107648,12.8624027777778
"30",-3.97184170007459,48.5339381716991,2024,3,26,86,2024-03-26,10.02,4.51,423,2024-04-03,122,7.265,0,35.47,9.21483333333333,12.15,6.27966666666667,3.31026025921985,4.87621421107648,12.8624027777778
"31",-3.97184170007459,48.5339381716991,2024,3,27,87,2024-03-27,8.61,3.61,423,2024-04-03,122,6.11,0,35.47,9.21483333333333,12.15,6.27966666666667,3.31026025921985,4.87621421107648,12.8624027777778
"32",-3.97184170007459,48.5339381716991,2024,3,28,88,2024-03-28,9.95,4.21,423,2024-04-03,122,7.08,0,35.47,9.21483333333333,12.15,6.27966666666667,3.31026025921985,4.87621421107648,12.8624027777778
"33",-3.97184170007459,48.5339381716991,2024,3,29,89,2024-03-29,11.91,5.5,423,2024-04-03,122,8.705,0,35.47,9.21483333333333,12.15,6.27966666666667,3.31026025921985,4.87621421107648,12.8624027777778
"34",-3.97184170007459,48.5339381716991,2024,3,30,90,2024-03-30,11.42,3.72,423,2024-04-03,122,7.57,0,35.47,9.21483333333333,12.15,6.27966666666667,3.31026025921985,4.87621421107648,12.8624027777778
"35",-3.97184170007459,48.5339381716991,2024,3,31,91,2024-03-31,10.01,5.62,423,2024-04-03,122,7.815,0,35.47,9.21483333333333,12.15,6.27966666666667,3.31026025921985,4.87621421107648,12.8624027777778
"36",-3.97184170007459,48.5339381716991,2024,4,1,92,2024-04-01,11.64,6.26,423,2024-04-03,122,8.95,0,35.47,9.21483333333333,12.15,6.27966666666667,3.31026025921985,4.87621421107648,12.8624027777778
"37",-3.97184170007459,48.5339381716991,2024,4,2,93,2024-04-02,11.72,8.15,423,2024-04-03,122,9.935,0,35.47,9.21483333333333,12.15,6.27966666666667,3.31026025921985,4.87621421107648,12.8624027777778
"38",7.53207205813478,48.5925618400509,2024,4,15,106,2024-04-15,17.59,6.04,476,2024-04-26,183,11.815,1.815,73.985,10.1131666666667,14.987,5.23933333333333,3.35739256857916,7.57459699564236,12.5971388888889
"39",7.53207205813478,48.5925618400509,2024,4,16,107,2024-04-16,11.43,4.65,476,2024-04-26,183,8.04,0,73.985,10.1131666666667,14.987,5.23933333333333,3.35739256857916,7.57459699564236,12.5971388888889
"40",7.53207205813478,48.5925618400509,2024,4,17,108,2024-04-17,8.02,3.22,476,2024-04-26,183,5.62,0,73.985,10.1131666666667,14.987,5.23933333333333,3.35739256857916,7.57459699564236,12.5971388888889
"41",7.53207205813478,48.5925618400509,2024,4,18,109,2024-04-18,9.03,2.35,476,2024-04-26,183,5.69,0,73.985,10.1131666666667,14.987,5.23933333333333,3.35739256857916,7.57459699564236,12.5971388888889
"42",7.53207205813478,48.5925618400509,2024,4,19,110,2024-04-19,8.95,3.24,476,2024-04-26,183,6.095,0,73.985,10.1131666666667,14.987,5.23933333333333,3.35739256857916,7.57459699564236,12.5971388888889
"43",7.53207205813478,48.5925618400509,2024,4,20,111,2024-04-20,9.42,2.88,476,2024-04-26,183,6.15,0,73.985,10.1131666666667,14.987,5.23933333333333,3.35739256857916,7.57459699564236,12.5971388888889
"44",7.53207205813478,48.5925618400509,2024,4,21,112,2024-04-21,6.38,2.2,476,2024-04-26,183,4.29,0,73.985,10.1131666666667,14.987,5.23933333333333,3.35739256857916,7.57459699564236,12.5971388888889
"45",7.53207205813478,48.5925618400509,2024,4,22,113,2024-04-22,8.8,-0.41,476,2024-04-26,183,4.195,0,73.985,10.1131666666667,14.987,5.23933333333333,3.35739256857916,7.57459699564236,12.5971388888889
"46",7.53207205813478,48.5925618400509,2024,4,23,114,2024-04-23,10.84,-1.6,476,2024-04-26,183,4.62,0,73.985,10.1131666666667,14.987,5.23933333333333,3.35739256857916,7.57459699564236,12.5971388888889
"47",7.53207205813478,48.5925618400509,2024,4,24,115,2024-04-24,8.19,-0.85,476,2024-04-26,183,3.67,0,73.985,10.1131666666667,14.987,5.23933333333333,3.35739256857916,7.57459699564236,12.5971388888889
"48",7.53207205813478,48.5925618400509,2024,4,25,116,2024-04-25,10.96,1.21,476,2024-04-26,183,6.085,0,73.985,10.1131666666667,14.987,5.23933333333333,3.35739256857916,7.57459699564236,12.5971388888889
"49",-1.9822890094208,48.1951376535824,2024,3,22,82,2024-03-22,16.06,5.41,609,2024-03-25,71,10.735,0.734999999999999,42.64,8.95183333333333,13.247,4.65666666666667,3.85835007600253,5.90794996935924,13.5775277777778
"50",-1.9822890094208,48.1951376535824,2024,3,23,83,2024-03-23,11.93,3.91,609,2024-03-25,71,7.92,0,42.64,8.95183333333333,13.247,4.65666666666667,3.85835007600253,5.90794996935924,13.5775277777778
"51",-1.9822890094208,48.1951376535824,2024,3,24,84,2024-03-24,13.49,3.44,609,2024-03-25,71,8.465,0,42.64,8.95183333333333,13.247,4.65666666666667,3.85835007600253,5.90794996935924,13.5775277777778
"52",0.383482346651963,48.2601626337537,2024,3,22,82,2024-03-22,15.42,6.11,620,2024-03-28,89,10.765,0.765000000000001,17.41,7.75483333333333,11.5426666666667,3.967,4.01507320872369,6.49376969210531,12.4596805555556
"53",0.383482346651963,48.2601626337537,2024,3,23,83,2024-03-23,9.92,3.61,620,2024-03-28,89,6.765,0,17.41,7.75483333333333,11.5426666666667,3.967,4.01507320872369,6.49376969210531,12.4596805555556
"54",0.383482346651963,48.2601626337537,2024,3,24,84,2024-03-24,11.2,3.22,620,2024-03-28,89,7.21,0,17.41,7.75483333333333,11.5426666666667,3.967,4.01507320872369,6.49376969210531,12.4596805555556
"55",0.383482346651963,48.2601626337537,2024,3,25,85,2024-03-25,9.94,1.55,620,2024-03-28,89,5.745,0,17.41,7.75483333333333,11.5426666666667,3.967,4.01507320872369,6.49376969210531,12.4596805555556
"56",0.383482346651963,48.2601626337537,2024,3,26,86,2024-03-26,8.61,3.97,620,2024-03-28,89,6.29,0,17.41,7.75483333333333,11.5426666666667,3.967,4.01507320872369,6.49376969210531,12.4596805555556
"57",0.383482346651963,48.2601626337537,2024,3,27,87,2024-03-27,10.56,3.58,620,2024-03-28,89,7.07,0,17.41,7.75483333333333,11.5426666666667,3.967,4.01507320872369,6.49376969210531,12.4596805555556
"58",3.18548869500691,48.2742531650272,2024,4,14,105,2024-04-14,19.66,8.74,633,2024-04-23,154,14.2,4.2,72.815,10.1903333333333,14.5566666666667,5.824,3.05141217998074,6.89596818874161,13.0201944444444
"59",3.18548869500691,48.2742531650272,2024,4,15,106,2024-04-15,14.2,5.51,633,2024-04-23,154,9.855,0,72.815,10.1903333333333,14.5566666666667,5.824,3.05141217998074,6.89596818874161,13.0201944444444
"60",3.18548869500691,48.2742531650272,2024,4,16,107,2024-04-16,12.86,4,633,2024-04-23,154,8.43,0,72.815,10.1903333333333,14.5566666666667,5.824,3.05141217998074,6.89596818874161,13.0201944444444
"61",3.18548869500691,48.2742531650272,2024,4,17,108,2024-04-17,10.16,2.69,633,2024-04-23,154,6.425,0,72.815,10.1903333333333,14.5566666666667,5.824,3.05141217998074,6.89596818874161,13.0201944444444
"62",3.18548869500691,48.2742531650272,2024,4,18,109,2024-04-18,11.81,2.97,633,2024-04-23,154,7.39,0,72.815,10.1903333333333,14.5566666666667,5.824,3.05141217998074,6.89596818874161,13.0201944444444
"63",3.18548869500691,48.2742531650272,2024,4,19,110,2024-04-19,12.75,3.84,633,2024-04-23,154,8.295,0,72.815,10.1903333333333,14.5566666666667,5.824,3.05141217998074,6.89596818874161,13.0201944444444
"64",3.18548869500691,48.2742531650272,2024,4,20,111,2024-04-20,10.95,1.56,633,2024-04-23,154,6.255,0,72.815,10.1903333333333,14.5566666666667,5.824,3.05141217998074,6.89596818874161,13.0201944444444
"65",3.18548869500691,48.2742531650272,2024,4,21,112,2024-04-21,9.89,1.81,633,2024-04-23,154,5.85,0,72.815,10.1903333333333,14.5566666666667,5.824,3.05141217998074,6.89596818874161,13.0201944444444
"66",3.18548869500691,48.2742531650272,2024,4,22,113,2024-04-22,9.61,0.13,633,2024-04-23,154,4.87,0,72.815,10.1903333333333,14.5566666666667,5.824,3.05141217998074,6.89596818874161,13.0201944444444
"67",5.55313038104552,48.230551833153,2024,6,11,163,2024-06-11,16.53,5.65,644,2024-06-12,435,11.09,1.09,210.39,13.8551666666667,18.2956666666667,9.41466666666667,3.59571071806951,6.83411918732347,11.4055555555556
"68",-0.676113973755391,47.9484894161672,2024,4,10,101,2024-04-10,15.32,5.59,730,2024-04-11,76,10.455,0.455,58.275,11.0058333333333,15.1816666666667,6.83,3.67082913589612,6.15189848442465,13.2959027777778
"69",-0.027466457254098,47.8193557784935,2024,4,14,105,2024-04-14,19.28,7.69,788,2024-04-16,38,13.485,3.485,77.72,11.108,15.5326666666667,6.68333333333333,3.44403685196643,6.4727130232197,13.4441805555556
"70",-0.027466457254098,47.8193557784935,2024,4,15,106,2024-04-15,14.19,5.22,788,2024-04-16,38,9.705,0,77.72,11.108,15.5326666666667,6.68333333333333,3.44403685196643,6.4727130232197,13.4441805555556
"71",0.826715632239393,47.8334896790882,2024,3,22,82,2024-03-22,16.48,6.74,792,2024-03-27,136,11.61,1.61,25.97,8.16733333333333,12.1076666666667,4.227,3.97152821281601,6.7360371771238,13.1935277777778
"72",0.826715632239393,47.8334896790882,2024,3,23,83,2024-03-23,10.47,4.12,792,2024-03-27,136,7.295,0,25.97,8.16733333333333,12.1076666666667,4.227,3.97152821281601,6.7360371771238,13.1935277777778
"73",0.826715632239393,47.8334896790882,2024,3,24,84,2024-03-24,11.73,4.1,792,2024-03-27,136,7.915,0,25.97,8.16733333333333,12.1076666666667,4.227,3.97152821281601,6.7360371771238,13.1935277777778
"74",0.826715632239393,47.8334896790882,2024,3,25,85,2024-03-25,9.74,2.2,792,2024-03-27,136,5.97,0,25.97,8.16733333333333,12.1076666666667,4.227,3.97152821281601,6.7360371771238,13.1935277777778
"75",0.826715632239393,47.8334896790882,2024,3,26,86,2024-03-26,8.71,4.4,792,2024-03-27,136,6.555,0,25.97,8.16733333333333,12.1076666666667,4.227,3.97152821281601,6.7360371771238,13.1935277777778
"76",3.60554545922775,47.836519711785,2024,4,15,106,2024-04-15,14.69,5.89,805,2024-04-24,182,10.29,0.289999999999999,75.52,10.1296666666667,14.402,5.85733333333333,3.1335056157314,7.08873883972194,13.0391805555556
"77",3.60554545922775,47.836519711785,2024,4,16,107,2024-04-16,12.46,4,805,2024-04-24,182,8.23,0,75.52,10.1296666666667,14.402,5.85733333333333,3.1335056157314,7.08873883972194,13.0391805555556
"78",3.60554545922775,47.836519711785,2024,4,17,108,2024-04-17,9.8,1.87,805,2024-04-24,182,5.835,0,75.52,10.1296666666667,14.402,5.85733333333333,3.1335056157314,7.08873883972194,13.0391805555556
"79",3.60554545922775,47.836519711785,2024,4,18,109,2024-04-18,10.45,1.57,805,2024-04-24,182,6.01,0,75.52,10.1296666666667,14.402,5.85733333333333,3.1335056157314,7.08873883972194,13.0391805555556
"80",3.60554545922775,47.836519711785,2024,4,19,110,2024-04-19,12.48,3.28,805,2024-04-24,182,7.88,0,75.52,10.1296666666667,14.402,5.85733333333333,3.1335056157314,7.08873883972194,13.0391805555556
"81",3.60554545922775,47.836519711785,2024,4,20,111,2024-04-20,10.25,2.07,805,2024-04-24,182,6.16,0,75.52,10.1296666666667,14.402,5.85733333333333,3.1335056157314,7.08873883972194,13.0391805555556
"82",3.60554545922775,47.836519711785,2024,4,21,112,2024-04-21,8.77,1.91,805,2024-04-24,182,5.34,0,75.52,10.1296666666667,14.402,5.85733333333333,3.1335056157314,7.08873883972194,13.0391805555556
"83",3.60554545922775,47.836519711785,2024,4,22,113,2024-04-22,9.69,0.24,805,2024-04-24,182,4.965,0,75.52,10.1296666666667,14.402,5.85733333333333,3.1335056157314,7.08873883972194,13.0391805555556
"84",3.60554545922775,47.836519711785,2024,4,23,114,2024-04-23,9.48,1.55,805,2024-04-24,182,5.515,0,75.52,10.1296666666667,14.402,5.85733333333333,3.1335056157314,7.08873883972194,13.0391805555556
"85",5.10079251722604,47.8106367801133,2024,6,10,162,2024-06-10,18.75,7.31,812,2024-06-11,450,13.03,3.03,214.63,14.0161666666667,18.357,9.67533333333333,3.52218447956873,6.85994583686139,11.7693472222222
"86",-2.81158007345027,47.5911205616326,2024,4,17,108,2024-04-17,14.07,6.32,827,2024-04-18,4,10.195,0.195,85.255,11.2791666666667,14.3003333333333,8.258,2.08971445298305,5.35893076344369,14.2049861111111
"87",6.37142360891853,47.6294797750949,2024,5,27,148,2024-05-27,17.85,8.89,870,2024-05-28,289,13.37,3.37,170.34,13.74,18.32,9.16,3.95834933566645,7.45794805673522,12.2329444444444
"88",7.20806698950873,47.4531196404966,2024,5,26,147,2024-05-26,20.44,10.07,926,2024-05-27,514,15.255,5.255,144.215,13.1228333333333,17.6026666666667,8.643,4.28758264316532,7.30958326745859,11.1145694444444
"89",-0.625406540946352,47.0848050528202,2024,4,11,102,2024-04-11,20.11,10.1,1030,2024-04-12,170,15.105,5.105,74.15,11.6155,15.7976666666667,7.43333333333333,3.52172696435792,6.31043419878211,13.849
"90",5.27350873305645,47.0870418392033,2024,5,13,134,2024-05-13,21.24,12.45,1058,2024-05-14,184,16.845,6.845,121.92,10.7061666666667,15.0653333333333,6.347,3.55920096168268,7.46955995760319,12.9304722222222
"91",6.53783195380408,47.0487852584465,2024,5,14,135,2024-05-14,17.66,11.15,1064,2024-05-15,885,14.405,4.405,76.99,8.8415,12.8383333333333,4.84466666666667,4.08081408336881,7.53363526655133,10.9383194444444
"92",2.74851568722079,46.9826323289556,2024,5,21,142,2024-05-21,17.89,9.21,1090,2024-05-22,215,13.55,3.55,176.1,12.6151666666667,17.1506666666667,8.07966666666667,3.56602078097731,7.12624377992105,13.5299166666667
"93",4.21101505944702,46.8204597659373,2024,4,3,94,2024-04-03,14.76,7.75,1141,2024-04-04,320,11.255,1.255,18.735,8.79133333333333,12.934,4.64866666666667,4.13465439691126,7.17425272719001,12.3179166666667
"94",0.860928957263222,46.6834260740623,2024,3,17,77,2024-03-17,16.51,9.25,1166,2024-03-18,112,12.88,2.88,22.34,8.10666666666667,11.7823333333333,4.431,3.56063392285479,7.14249609458469,14.1966111111111
"95",2.53499704476721,46.6928659613774,2024,5,22,143,2024-05-22,17.25,9.9,1174,2024-05-23,164,13.575,3.575,153.6,12.1876666666667,16.534,7.84133333333333,3.64917019965737,7.32775285765677,13.2554166666667
"96",3.78802433819848,46.6825057220501,2024,3,31,91,2024-03-31,15.89,7.08,1180,2024-04-03,270,11.485,1.485,33.515,9.4085,13.7276666666667,5.08933333333333,4.11319257190604,7.48328380310881,13.4148888888889
"97",3.78802433819848,46.6825057220501,2024,4,1,92,2024-04-01,12.88,5.47,1180,2024-04-03,270,9.175,0,33.515,9.4085,13.7276666666667,5.08933333333333,4.11319257190604,7.48328380310881,13.4148888888889
"98",3.78802433819848,46.6825057220501,2024,4,2,93,2024-04-02,14.96,4.87,1180,2024-04-03,270,9.915,0,33.515,9.4085,13.7276666666667,5.08933333333333,4.11319257190604,7.48328380310881,13.4148888888889
"99",-1.40321679085194,46.3506497510169,2024,4,15,106,2024-04-15,15.04,6.68,1237,2024-04-16,3,10.86,0.859999999999999,116.585,12.2868333333333,16.0943333333333,8.47933333333333,2.94349389198191,6.05226547167583,14.7772361111111
"100",-0.172179021232904,46.3766366548151,2024,3,20,80,2024-03-20,17.92,6.93,1243,2024-03-21,92,12.425,2.425,30.915,8.77933333333333,12.906,4.65266666666667,3.78181086197542,6.81404575509855,14.1655416666667
"101",6.28092715602017,46.3317772191028,2024,5,15,136,2024-05-15,14.93,8.85,1274,2024-05-17,432,11.89,1.89,85.815,9.26933333333333,13.2006666666667,5.338,4.16955187148316,7.79236637164324,11.32325
"102",6.28092715602017,46.3317772191028,2024,5,16,137,2024-05-16,11.95,7.8,1274,2024-05-17,432,9.875,0,85.815,9.26933333333333,13.2006666666667,5.338,4.16955187148316,7.79236637164324,11.32325
"103",5.02443580687463,46.228868438387,2024,5,15,136,2024-05-15,17.52,10.08,1310,2024-05-16,202,13.8,3.8,152.105,11.219,15.744,6.694,3.75768411061335,7.93357524071494,13.7164861111111
"104",-0.567270869874808,45.9346254946214,2024,2,25,56,2024-02-25,13.49,7.65,1366,2024-03-11,61,10.57,0.57,25.01,8.6465,12.1796666666667,5.11333333333333,3.44336385273864,6.51428576185875,14.8791944444444
"105",-0.567270869874808,45.9346254946214,2024,2,26,57,2024-02-26,10.73,5.81,1366,2024-03-11,61,8.27,0,25.01,8.6465,12.1796666666667,5.11333333333333,3.44336385273864,6.51428576185875,14.8791944444444
"106",-0.567270869874808,45.9346254946214,2024,2,27,58,2024-02-27,10.98,2.2,1366,2024-03-11,61,6.59,0,25.01,8.6465,12.1796666666667,5.11333333333333,3.44336385273864,6.51428576185875,14.8791944444444
"107",-0.567270869874808,45.9346254946214,2024,2,28,59,2024-02-28,11.97,-0.07,1366,2024-03-11,61,5.95,0,25.01,8.6465,12.1796666666667,5.11333333333333,3.44336385273864,6.51428576185875,14.8791944444444
"108",-0.567270869874808,45.9346254946214,2024,2,29,60,2024-02-29,13.14,6.25,1366,2024-03-11,61,9.695,0,25.01,8.6465,12.1796666666667,5.11333333333333,3.44336385273864,6.51428576185875,14.8791944444444
"109",-0.567270869874808,45.9346254946214,2024,3,1,61,2024-03-01,12.32,4.63,1366,2024-03-11,61,8.475,0,25.01,8.6465,12.1796666666667,5.11333333333333,3.44336385273864,6.51428576185875,14.8791944444444
"110",-0.567270869874808,45.9346254946214,2024,3,2,62,2024-03-02,10.17,4.75,1366,2024-03-11,61,7.46,0,25.01,8.6465,12.1796666666667,5.11333333333333,3.44336385273864,6.51428576185875,14.8791944444444
"111",-0.567270869874808,45.9346254946214,2024,3,3,63,2024-03-03,9.95,2.51,1366,2024-03-11,61,6.23,0,25.01,8.6465,12.1796666666667,5.11333333333333,3.44336385273864,6.51428576185875,14.8791944444444
"112",-0.567270869874808,45.9346254946214,2024,3,4,64,2024-03-04,9.57,0.84,1366,2024-03-11,61,5.205,0,25.01,8.6465,12.1796666666667,5.11333333333333,3.44336385273864,6.51428576185875,14.8791944444444
"113",-0.567270869874808,45.9346254946214,2024,3,5,65,2024-03-05,10.3,5.27,1366,2024-03-11,61,7.785,0,25.01,8.6465,12.1796666666667,5.11333333333333,3.44336385273864,6.51428576185875,14.8791944444444
"114",-0.567270869874808,45.9346254946214,2024,3,6,66,2024-03-06,9.72,4.09,1366,2024-03-11,61,6.905,0,25.01,8.6465,12.1796666666667,5.11333333333333,3.44336385273864,6.51428576185875,14.8791944444444
"115",-0.567270869874808,45.9346254946214,2024,3,7,67,2024-03-07,13.86,1.74,1366,2024-03-11,61,7.8,0,25.01,8.6465,12.1796666666667,5.11333333333333,3.44336385273864,6.51428576185875,14.8791944444444
"116",-0.567270869874808,45.9346254946214,2024,3,8,68,2024-03-08,12.06,6.53,1366,2024-03-11,61,9.295,0,25.01,8.6465,12.1796666666667,5.11333333333333,3.44336385273864,6.51428576185875,14.8791944444444
"117",-0.567270869874808,45.9346254946214,2024,3,9,69,2024-03-09,13.19,5.58,1366,2024-03-11,61,9.385,0,25.01,8.6465,12.1796666666667,5.11333333333333,3.44336385273864,6.51428576185875,14.8791944444444
"118",-0.567270869874808,45.9346254946214,2024,3,10,70,2024-03-10,12.63,4.67,1366,2024-03-11,61,8.65,0,25.01,8.6465,12.1796666666667,5.11333333333333,3.44336385273864,6.51428576185875,14.8791944444444
"119",0.672536029377586,45.9598382118547,2024,4,8,99,2024-04-08,20.93,8.87,1372,2024-04-11,222,14.9,4.9,66.09,11.2375,15.462,7.013,3.54592669065586,7.1603986933233,14.1133472222222
"120",0.672536029377586,45.9598382118547,2024,4,9,100,2024-04-09,11.38,4.94,1372,2024-04-11,222,8.16,0,66.09,11.2375,15.462,7.013,3.54592669065586,7.1603986933233,14.1133472222222
"121",0.672536029377586,45.9598382118547,2024,4,10,101,2024-04-10,14.05,4.65,1372,2024-04-11,222,9.35,0,66.09,11.2375,15.462,7.013,3.54592669065586,7.1603986933233,14.1133472222222
"122",2.94301610784092,45.6779077470276,2024,6,4,156,2024-06-04,20.11,9.04,1464,2024-06-05,985,14.575,4.575,89.44,11.7548333333333,16.2053333333333,7.30433333333333,3.6932279034831,7.31016448643586,10.7942638888889
"123",5.61003921649128,45.6401693491095,2024,4,7,98,2024-04-07,21.36,10.56,1477,2024-04-08,209,15.96,5.96,31.945,9.93433333333333,14.8846666666667,4.984,3.92707268881618,7.36475773685428,12.5689027777778
"124",0.0710220240044624,45.5173490694814,2024,3,18,78,2024-03-18,17.6,10.4,1491,2024-03-19,114,14,4,33.4,9.04233333333333,12.8166666666667,5.268,3.47891159283856,7.2140952303831,15.04775
"125",0.892398066995418,45.3884443655317,2024,3,14,74,2024-03-14,16.12,5.92,1537,2024-03-15,203,11.02,1.02,9.415,7.66283333333333,11.23,4.09566666666667,3.16119574962003,7.45778931157061,14.5235694444444
"126",3.34517713570663,45.3911047765517,2024,5,29,150,2024-05-29,16.17,9.15,1549,2024-05-30,400,12.66,2.66,78.795,10.9136666666667,15.3626666666667,6.46466666666667,3.81576808559184,7.34917825040098,10.8700694444444
"127",4.77475157668675,45.3690149100078,2024,4,8,99,2024-04-08,21.85,10.67,1556,2024-04-10,138,16.26,6.26,43.95,10.5685,15.546,5.591,3.90655205888313,7.53455392079199,13.0884861111111
"128",4.77475157668675,45.3690149100078,2024,4,9,100,2024-04-09,12.25,4.08,1556,2024-04-10,138,8.165,0,43.95,10.5685,15.546,5.591,3.90655205888313,7.53455392079199,13.0884861111111
"129",2.52555216920108,45.2538548457955,2024,6,5,157,2024-06-05,21.11,10.02,1587,2024-06-06,902,15.565,5.565,102.705,12.1996666666667,16.4466666666667,7.95266666666667,3.6830695399293,7.2216599160371,11.0544166666667
"130",0.70364058861398,44.9526610124959,2024,3,18,78,2024-03-18,17.72,10.08,1660,2024-03-19,129,13.9,3.9,28.425,8.89533333333333,12.7676666666667,5.023,3.32795554017827,7.42479769640625,15.2020555555556
"131",4.14437731617619,44.9465981199809,2024,6,12,164,2024-06-12,15.13,5.53,1677,2024-06-13,1305,10.33,0.33,135.67,12.916,17.597,8.235,3.82516808113563,7.53809199090302,10.9955138888889
"132",5.96937133617335,44.9048619493119,2024,8,5,218,2024-08-05,22.32,10.72,1686,2024-08-06,1888,16.52,6.52,206.745,15.3086666666667,20.4463333333333,10.171,3.89166106472501,7.64913355548483,4.65197222222222
"133",-0.907607097076179,44.7733595204167,2024,4,7,98,2024-04-07,17.54,12.01,1694,2024-04-08,51,14.775,4.775,123.65,12.7863333333333,17.5183333333333,8.05433333333333,3.79824179913143,6.61428913627181,15.7797916666667
"134",1.51554524633862,44.8178511311097,2024,4,8,99,2024-04-08,22.12,8.71,1706,2024-04-10,202,15.415,5.415,70.015,11.6435,16.5273333333333,6.75966666666667,3.43737141219033,7.32571002849945,14.722375
"135",1.51554524633862,44.8178511311097,2024,4,9,100,2024-04-09,11.69,6.14,1706,2024-04-10,202,8.915,0,70.015,11.6435,16.5273333333333,6.75966666666667,3.43737141219033,7.32571002849945,14.722375
"136",5.34894544254264,44.6346263421969,2024,4,15,106,2024-04-15,19.07,6.62,1768,2024-04-23,751,12.845,2.845,35.025,7.92783333333333,13.0073333333333,2.84833333333333,3.37203229905093,7.7020228948541,11.8371111111111
"137",5.34894544254264,44.6346263421969,2024,4,16,107,2024-04-16,9.5,1.84,1768,2024-04-23,751,5.67,0,35.025,7.92783333333333,13.0073333333333,2.84833333333333,3.37203229905093,7.7020228948541,11.8371111111111
"138",5.34894544254264,44.6346263421969,2024,4,17,108,2024-04-17,7.65,-0.3,1768,2024-04-23,751,3.675,0,35.025,7.92783333333333,13.0073333333333,2.84833333333333,3.37203229905093,7.7020228948541,11.8371111111111
"139",5.34894544254264,44.6346263421969,2024,4,18,109,2024-04-18,4.94,-1.76,1768,2024-04-23,751,1.59,0,35.025,7.92783333333333,13.0073333333333,2.84833333333333,3.37203229905093,7.7020228948541,11.8371111111111
"140",5.34894544254264,44.6346263421969,2024,4,19,110,2024-04-19,11.47,-2.74,1768,2024-04-23,751,4.365,0,35.025,7.92783333333333,13.0073333333333,2.84833333333333,3.37203229905093,7.7020228948541,11.8371111111111
"141",5.34894544254264,44.6346263421969,2024,4,20,111,2024-04-20,9.01,-0.27,1768,2024-04-23,751,4.37,0,35.025,7.92783333333333,13.0073333333333,2.84833333333333,3.37203229905093,7.7020228948541,11.8371111111111
"142",5.34894544254264,44.6346263421969,2024,4,21,112,2024-04-21,9.55,-1.51,1768,2024-04-23,751,4.02,0,35.025,7.92783333333333,13.0073333333333,2.84833333333333,3.37203229905093,7.7020228948541,11.8371111111111
"143",5.34894544254264,44.6346263421969,2024,4,22,113,2024-04-22,5.37,-3.3,1768,2024-04-23,751,1.035,0,35.025,7.92783333333333,13.0073333333333,2.84833333333333,3.37203229905093,7.7020228948541,11.8371111111111
"144",0.117461238742218,44.3664478290357,2024,3,9,69,2024-03-09,14.49,5.61,1826,2024-03-12,87,10.05,0.0500000000000007,26.08,9.07133333333333,13.1983333333333,4.94433333333333,3.17292553215235,7.06119233154754,15.7839583333333
"145",0.117461238742218,44.3664478290357,2024,3,10,70,2024-03-10,10.59,2.74,1826,2024-03-12,87,6.665,0,26.08,9.07133333333333,13.1983333333333,4.94433333333333,3.17292553215235,7.06119233154754,15.7839583333333
"146",0.117461238742218,44.3664478290357,2024,3,11,71,2024-03-11,12.92,5.45,1826,2024-03-12,87,9.185,0,26.08,9.07133333333333,13.1983333333333,4.94433333333333,3.17292553215235,7.06119233154754,15.7839583333333
"147",2.32434462405189,44.3889199310117,2024,5,29,150,2024-05-29,17.98,10.16,1837,2024-05-30,579,14.07,4.07,125.59,12.1825,16.591,7.774,3.48974673869748,7.4528521217793,12.8552361111111
"148",1.32315689391354,44.2406504349493,2024,3,13,73,2024-03-13,17.68,3.4,1875,2024-03-14,191,10.54,0.539999999999999,19.12,9.07933333333333,13.3073333333333,4.85133333333333,3.11451849499732,7.31225853126331,15.5609305555556
"149",3.7226445983764,44.2375443985216,2024,6,13,165,2024-06-13,24.21,8.73,1887,2024-06-14,928,16.47,6.47,331.265,16.2936666666667,22.1686666666667,10.4186666666667,3.74446941981839,7.26909469264837,14.1751527777778
"150",4.92701588816509,44.2166800911093,2024,3,26,86,2024-03-26,12.13,8.36,1893,2024-03-28,112,10.245,0.245000000000001,50.35,10.22,15.1796666666667,5.26033333333333,2.8689024053174,7.75105605167716,16.1034861111111
"151",4.92701588816509,44.2166800911093,2024,3,27,87,2024-03-27,11.87,4.71,1893,2024-03-28,112,8.29,0,50.35,10.22,15.1796666666667,5.26033333333333,2.8689024053174,7.75105605167716,16.1034861111111
"152",6.10461897406734,43.8921670756657,2024,4,15,106,2024-04-15,19,7.96,1992,2024-04-24,712,13.48,3.48,44.28,8.92533333333333,14.269,3.58166666666667,3.36954696801557,7.66564411876091,12.6787777777778
"153",6.10461897406734,43.8921670756657,2024,4,16,107,2024-04-16,11.72,2.58,1992,2024-04-24,712,7.15,0,44.28,8.92533333333333,14.269,3.58166666666667,3.36954696801557,7.66564411876091,12.6787777777778
"154",6.10461897406734,43.8921670756657,2024,4,17,108,2024-04-17,11.23,0.31,1992,2024-04-24,712,5.77,0,44.28,8.92533333333333,14.269,3.58166666666667,3.36954696801557,7.66564411876091,12.6787777777778
"155",6.10461897406734,43.8921670756657,2024,4,18,109,2024-04-18,9.36,-1.48,1992,2024-04-24,712,3.94,0,44.28,8.92533333333333,14.269,3.58166666666667,3.36954696801557,7.66564411876091,12.6787777777778
"156",6.10461897406734,43.8921670756657,2024,4,19,110,2024-04-19,14.48,0.08,1992,2024-04-24,712,7.28,0,44.28,8.92533333333333,14.269,3.58166666666667,3.36954696801557,7.66564411876091,12.6787777777778
"157",6.10461897406734,43.8921670756657,2024,4,20,111,2024-04-20,14.39,2.04,1992,2024-04-24,712,8.215,0,44.28,8.92533333333333,14.269,3.58166666666667,3.36954696801557,7.66564411876091,12.6787777777778
"158",6.10461897406734,43.8921670756657,2024,4,21,112,2024-04-21,13,0.88,1992,2024-04-24,712,6.94,0,44.28,8.92533333333333,14.269,3.58166666666667,3.36954696801557,7.66564411876091,12.6787777777778
"159",6.10461897406734,43.8921670756657,2024,4,22,113,2024-04-22,8.31,0.32,1992,2024-04-24,712,4.315,0,44.28,8.92533333333333,14.269,3.58166666666667,3.36954696801557,7.66564411876091,12.6787777777778
"160",6.10461897406734,43.8921670756657,2024,4,23,114,2024-04-23,6.37,-0.46,1992,2024-04-24,712,2.955,0,44.28,8.92533333333333,14.269,3.58166666666667,3.36954696801557,7.66564411876091,12.6787777777778
"161",6.90327394449335,43.8563416618755,2024,4,15,106,2024-04-15,17.9,6.64,1996,2024-04-25,757,12.27,2.27,30.56,7.32516666666667,12.7183333333333,1.932,3.63111374494302,7.45031800304438,11.0478055555556
"162",6.90327394449335,43.8563416618755,2024,4,16,107,2024-04-16,14.21,0.79,1996,2024-04-25,757,7.5,0,30.56,7.32516666666667,12.7183333333333,1.932,3.63111374494302,7.45031800304438,11.0478055555556
"163",6.90327394449335,43.8563416618755,2024,4,17,108,2024-04-17,11.91,-0.65,1996,2024-04-25,757,5.63,0,30.56,7.32516666666667,12.7183333333333,1.932,3.63111374494302,7.45031800304438,11.0478055555556
"164",6.90327394449335,43.8563416618755,2024,4,18,109,2024-04-18,7.2,-2.16,1996,2024-04-25,757,2.52,0,30.56,7.32516666666667,12.7183333333333,1.932,3.63111374494302,7.45031800304438,11.0478055555556
"165",6.90327394449335,43.8563416618755,2024,4,19,110,2024-04-19,13.6,-2.41,1996,2024-04-25,757,5.595,0,30.56,7.32516666666667,12.7183333333333,1.932,3.63111374494302,7.45031800304438,11.0478055555556
"166",6.90327394449335,43.8563416618755,2024,4,20,111,2024-04-20,13.11,0.07,1996,2024-04-25,757,6.59,0,30.56,7.32516666666667,12.7183333333333,1.932,3.63111374494302,7.45031800304438,11.0478055555556
"167",6.90327394449335,43.8563416618755,2024,4,21,112,2024-04-21,11.29,-0.6,1996,2024-04-25,757,5.345,0,30.56,7.32516666666667,12.7183333333333,1.932,3.63111374494302,7.45031800304438,11.0478055555556
"168",6.90327394449335,43.8563416618755,2024,4,22,113,2024-04-22,3.55,-1.49,1996,2024-04-25,757,1.03,0,30.56,7.32516666666667,12.7183333333333,1.932,3.63111374494302,7.45031800304438,11.0478055555556
"169",6.90327394449335,43.8563416618755,2024,4,23,114,2024-04-23,5.1,-2.56,1996,2024-04-25,757,1.27,0,30.56,7.32516666666667,12.7183333333333,1.932,3.63111374494302,7.45031800304438,11.0478055555556
"170",6.90327394449335,43.8563416618755,2024,4,24,115,2024-04-24,9.73,-1.67,1996,2024-04-25,757,4.03,0,30.56,7.32516666666667,12.7183333333333,1.932,3.63111374494302,7.45031800304438,11.0478055555556
"171",0.738134796235499,43.7995981085167,2024,3,12,72,2024-03-12,15.26,6.15,2011,2024-03-13,197,10.705,0.705,23.475,9.02333333333333,13.1426666666667,4.904,3.13014266984478,7.27888333972464,15.7560277777778
"172",2.72179965795729,43.8125780995336,2024,4,7,98,2024-04-07,16.77,10.83,2021,2024-04-08,506,13.8,3.8,38.095,10.3548333333333,15.119,5.59066666666667,3.39789545325279,7.32588302701476,13.6556388888889
"173",5.30087879165883,43.7733624323249,2024,3,23,83,2024-03-23,15.7,6.45,2034,2024-03-25,292,11.075,1.075,50.105,9.98783333333333,15.085,4.89066666666667,2.83615714098136,7.74667335915948,16.1072638888889
"174",5.30087879165883,43.7733624323249,2024,3,24,84,2024-03-24,13.12,3.33,2034,2024-03-25,292,8.225,0,50.105,9.98783333333333,15.085,4.89066666666667,2.83615714098136,7.74667335915948,16.1072638888889
"175",4.50250101102574,43.6487932757976,2024,3,11,71,2024-03-11,14.74,8.16,2076,2024-03-12,0,11.45,1.45,79.18,11.287,14.5703333333333,8.00366666666667,2.05846949389671,6.48406676051956,17.5305
"176",-0.231911972629328,43.2099108298878,2024,4,14,105,2024-04-14,23.5,12.32,2182,2024-04-17,245,17.91,7.91,81.04,9.74066666666667,15.0536666666667,4.42766666666667,4.36743744126585,6.82600148387993,12.4428472222222
"177",-0.231911972629328,43.2099108298878,2024,4,15,106,2024-04-15,15.19,4.39,2182,2024-04-17,245,9.79,0,81.04,9.74066666666667,15.0536666666667,4.42766666666667,4.36743744126585,6.82600148387993,12.4428472222222
"178",-0.231911972629328,43.2099108298878,2024,4,16,107,2024-04-16,8.26,3.4,2182,2024-04-17,245,5.83,0,81.04,9.74066666666667,15.0536666666667,4.42766666666667,4.36743744126585,6.82600148387993,12.4428472222222
"179",5.85371529787471,43.1807256825456,2024,3,26,86,2024-03-26,13.74,12.82,2205,2024-03-27,274,13.28,3.28,194.405,12.869,14.5916666666667,11.1463333333333,1.50922053283445,5.20089804533666,17.5209027777778
"180",2.12771511077881,42.9518241882324,2024,5,12,133,2024-05-12,23.62,13.19,2257,2024-05-13,528,18.405,8.405,177.85,10.9285,16.5353333333333,5.32166666666667,4.44245585072524,7.39194539716584,14.3040138888889
"181",2.7153799533844,42.949275970459,2024,5,13,134,2024-05-13,23.24,12.36,2260,2024-05-14,349,17.8,7.8,226.085,11.978,16.904,7.052,3.68765851306608,6.96782931321733,15.3206944444444
"182",1.34712195396423,42.8033485412598,2024,6,17,169,2024-06-17,30.34,12.69,2276,2024-06-18,1218,21.515,11.515,350.98,15.8781666666667,21.6143333333333,10.142,4.7745754303341,7.25990887056057,13.6600416666667
"183",1.73446702957153,42.5280876159668,2024,6,24,176,2024-06-24,18.86,5.77,2312,2024-06-25,2267,12.315,2.315,71.76,11.511,16.904,6.118,4.63068702248918,7.28221089917906,8.05093055555556
